"GEOID","NAME","In the Labor Force,Employed with disabilityE","In the Labor Force,Employed with disabilityM","In the Labor force,unemployed with a disabilityE","In the Labor force,unemployed with a disabilityM","Not in the Labor force, with a disabilityE","Not in the Labor force, with a disabilityM","In the Labor Force,Employed with no disabilityE","In the Labor Force,Employed with no disabilityM","In the Labor force,unemployed with no disabilityE","In the Labor force,unemployed with no disabilityM","Not in the Labor Force, with no disabilityE","Not in the Labor Force, with no disabilityM","disability_total","no_disability_total","CV_employed_disabled","CV_unemployed_disabled","CV_not_in_Labor_force_disabled","CV_employed_not_disabled","CV_unemployed_not_disabled","CV_not_in_Labor_force_not_disabled","percent_in_labor_force_employed_disabled","percent_in_labor_force_employed_not_disabled","percent_in_labor_force_unemployed_disabled","percent_in_labor_force_unemployed_not_disabled","percent_not_in_labor_force_disabled","percent_not_in_labor_force_not_disabled","percent_in_labor_force_employed_gap","percent_in_labor_force_unemployed_gap","percent_not_in_labor_force_gap","ï..County","Total","Aged","Blind.and.disabled","Under.18","X18â..64","X65.or.older","SSI.recipients.also.receiving.OASDI","Amount.of.payments..thousands.of.dollars..a"
"19001","Adair County, Iowa",289,80,15,14,255,71,2779,143,151,51,465,99,559,3395,"median reliability","high reliability","median reliability","high reliability","median reliability","high reliability",51.6994633273703,81.8556701030928,2.68336314847943,4.44771723122239,45.6171735241503,13.6966126656848,30.1562067757225,1.76435408274296,-31.9205608584654,"Adair","93",NA,"","10","71","12","46","48"
"19003","Adams County, Iowa",117,46,11,12,68,28,1410,86,52,38,369,75,196,1831,"median reliability","high reliability","median reliability","high reliability"," low reliability","high reliability",59.6938775510204,77.007099945385,5.61224489795918,2.8399781540142,34.6938775510204,20.1529219006008,17.3132223943646,-2.77226674394498,-14.5409556504196,"Adams","62",NA,"","","47","","22","29"
"19005","Allamakee County, Iowa",325,96,18,20,233,88,5588,268,171,85,1051,196,576,6810,"median reliability","high reliability","median reliability","high reliability"," low reliability","high reliability",56.4236111111111,82.0558002936857,3.125,2.51101321585903,40.4513888888889,15.4331864904552,25.6321891825746,-0.613986784140969,-25.0182023984337,"Allamakee","150",17,"133","18","97","35","66","74"
"19007","Appanoose County, Iowa",271,88,57,51,690,165,4052,361,268,110,1429,284,1018,5749,"median reliability","high reliability","high reliability","high reliability","median reliability","high reliability",26.6208251473477,70.4818229257262,5.5992141453831,4.66168029222473,67.7799607072692,24.856496782049,43.8609977783785,-0.93753385315837,-42.9234639252201,"Appanoose","424",29,"395","42","299","83","160","231"
"19009","Audubon County, Iowa",159,65,3,4,190,50,2349,136,29,19,271,78,352,2649,"median reliability","high reliability","median reliability","high reliability"," low reliability","median reliability",45.1704545454545,88.6749716874292,0.852272727272727,1.09475273688184,53.9772727272727,10.2302755756889,43.5045171419747,0.242480009609115,-43.7469971515838,"Audubon","75",NA,"","","55","","29","44"
"19011","Benton County, Iowa",504,115,60,35,604,153,11869,303,238,89,1578,255,1168,13685,"high reliability","high reliability","median reliability","high reliability","median reliability","high reliability",43.1506849315069,86.7299963463646,5.13698630136986,1.73913043478261,51.7123287671233,11.5308732188528,43.5793114148578,-3.39785586658725,-40.1814555482705,"Benton","334",15,"319","35","249","50","138","179"
"19013","Black Hawk County, Iowa",3745,435,754,264,4230,453,59480,1009,2420,348,10307,746,8729,72207,"high reliability","high reliability","high reliability","high reliability","high reliability","high reliability",42.9029671210906,82.3742850416165,8.63787375415282,3.35147561870733,48.4591591247566,14.2742393396762,39.4713179205259,-5.28639813544549,-34.1849197850803,"Black Hawk","3,244",146,"3,098","550","2,236","458","1,021","1,905"
"19015","Boone County, Iowa",933,228,29,24,699,226,12085,413,253,75,1841,270,1661,14179,"high reliability","high reliability","median reliability","high reliability","median reliability","high reliability",56.1709813365442,85.231680654489,1.74593618302228,1.78432893716059,42.0830824804335,12.9839904083504,29.0606993179448,0.0383927541383138,-29.0990920720831,"Boone","312",11,"301","50","225","37","128","196"
"19017","Bremer County, Iowa",590,125,34,25,480,127,11311,269,357,107,1638,210,1104,13306,"high reliability","high reliability","median reliability","high reliability","median reliability","high reliability",53.4420289855072,85.0067638659252,3.07971014492754,2.68300015030813,43.4782608695652,12.3102359837667,31.5647348804179,-0.396709994619405,-31.1680248857985,"Bremer","195",NA,"","36","137","22","70","118"
"19019","Buchanan County, Iowa",680,145,22,20,406,85,9029,237,239,86,1273,191,1108,10541,"high reliability","high reliability","high reliability","high reliability","median reliability","high reliability",61.3718411552347,85.6560098662366,1.985559566787,2.26733706479461,36.6425992779783,12.0766530689688,24.2841687110019,0.281777498007608,-24.5659462090096,"Buchanan","281",14,"267","40","198","43","101","173"
"19021","Buena Vista County, Iowa",479,137,22,24,333,72,8870,299,585,164,1408,203,834,10863,"median reliability","high reliability","high reliability","high reliability","median reliability","high reliability",57.4340527577938,81.6533186044371,2.6378896882494,5.38525269262635,39.9280575539568,12.9614287029366,24.2192658466433,2.74736300437695,-26.9666288510203,"Buena Vista","264",41,"223","62","125","77","80","142"
"19023","Butler County, Iowa",370,76,19,15,386,87,5998,170,245,65,922,133,775,7165,"high reliability","high reliability","high reliability","high reliability","median reliability","high reliability",47.741935483871,83.7124912770412,2.45161290322581,3.41939986043266,49.8064516129032,12.8681088625262,35.9705557931702,0.967786957206852,-36.9383427503771,"Butler","174",13,"161","22","123","29","59","95"
"19025","Calhoun County, Iowa",172,48,4,5,279,77,3642,175,92,36,649,108,455,4383,"median reliability","high reliability","median reliability","high reliability","median reliability","high reliability",37.8021978021978,83.0937713894593,0.879120879120879,2.09901893680128,61.3186813186813,14.8072096737394,45.2915735872615,1.2198980576804,-46.5114716449419,"Calhoun","159",NA,"","15","119","25","63","74"
"19027","Carroll County, Iowa",525,144,39,39,474,147,9139,235,165,94,960,157,1038,10264,"median reliability","high reliability","median reliability","high reliability"," low reliability","high reliability",50.5780346820809,89.039360872954,3.75722543352601,1.60756040530008,45.6647398843931,9.35307872174591,38.4613261908731,-2.14966502822593,-36.3116611626472,"Carroll","259",13,"246","31","194","34","92","152"
"19029","Cass County, Iowa",278,109,24,21,436,109,5300,242,80,31,986,175,738,6366,"median reliability","high reliability","median reliability","high reliability","median reliability","high reliability",37.6693766937669,83.2547910775997,3.2520325203252,1.25667609173735,59.0785907859079,15.4885328306629,45.5854143838328,-1.99535642858785,-43.590057955245,"Cass","275",NA,"","31","219","25","116","155"
"19031","Cedar County, Iowa",357,100,23,24,513,151,8443,249,246,102,1153,188,893,9842,"median reliability","high reliability","median reliability","high reliability","median reliability","high reliability",39.9776035834266,85.78540946962,2.57558790593505,2.49949197317618,57.4468085106383,11.7150985572038,45.8078058861934,-0.0760959327588666,-45.7317099534345,"Cedar","161",NA,"","32","103","26","61","87"
"19033","Cerro Gordo County, Iowa",1488,345,145,90,1170,221,18336,563,551,184,2835,375,2803,21722,"high reliability","high reliability","high reliability","high reliability","median reliability","high reliability",53.0859793078844,84.4121167479974,5.1730288976097,2.53659883988583,41.7409917945059,13.0512844121167,31.326137440113,-2.63643005772387,-28.6897073823891,"Cerro Gordo","815",38,"777","119","585","111","318","453"
"19035","Cherokee County, Iowa",353,131,21,27,157,74,4958,190,125,66,445,134,531,5528,"median reliability","high reliability","median reliability","high reliability"," low reliability","median reliability",66.4783427495292,89.6888567293777,3.95480225988701,2.26121562952243,29.5668549905838,8.04992764109985,23.2105139798485,-1.69358663036458,-21.516927349484,"Cherokee","124",NA,"","","96","","46","69"
"19037","Chickasaw County, Iowa",462,112,16,16,259,73,5253,203,106,71,630,114,737,5989,"high reliability","high reliability","median reliability","high reliability"," low reliability","high reliability",62.6865671641791,87.7108031390883,2.17096336499322,1.76991150442478,35.1424694708277,10.5192853564869,25.0242359749092,-0.401051860568437,-24.6231841143408,"Chickasaw","125",NA,"","16","88","21","60","62"
"19039","Clarke County, Iowa",508,158,12,12,551,167,3533,260,62,39,647,130,1071,4242,"median reliability","high reliability","median reliability","high reliability"," low reliability","high reliability",47.4323062558357,83.2861857614333,1.12044817927171,1.46157472890146,51.4472455648926,15.2522395096653,35.8538795055976,0.341126549629753,-36.1950060552274,"Clarke","134",12,"122","19","83","32","61","68"
"19041","Clay County, Iowa",502,157,69,61,499,147,6813,267,314,125,844,168,1070,7971,"median reliability","high reliability","median reliability","high reliability","median reliability","high reliability",46.9158878504673,85.4723372224313,6.44859813084112,3.9392798895998,46.6355140186916,10.5883828879689,38.556449371964,-2.50931824124132,-36.0471311307227,"Clay","213",11,"202","44","145","24","73","134"
"19043","Clayton County, Iowa",489,91,26,26,537,147,7562,227,142,63,906,137,1052,8610,"high reliability","high reliability","median reliability","high reliability","median reliability","high reliability",46.4828897338403,87.8281068524971,2.47148288973384,1.64924506387921,51.0456273764258,10.5226480836237,41.3452171186568,-0.82223782585463,-40.5229792928022,"Clayton","220",14,"206","18","163","39","106","114"
"19045","Clinton County, Iowa",1300,270,91,69,1710,289,18731,564,836,220,4253,472,3101,23820,"high reliability","high reliability","high reliability","high reliability","median reliability","high reliability",41.9219606578523,78.6356003358522,2.93453724604966,3.50965575146935,55.143502096098,17.8547439126784,36.7136396779999,0.575118505419693,-37.2887581834196,"Clinton","1,100",34,"1,066","167","803","130","385","647"
"19047","Crawford County, Iowa",575,208,85,76,522,140,6620,376,277,122,1794,309,1182,8691,"median reliability","high reliability","median reliability","high reliability","median reliability","high reliability",48.6463620981387,76.1707513519733,7.1912013536379,3.1872051547578,44.1624365482233,20.6420434932689,27.5243892538346,-4.00399619888011,-23.5203930549544,"Crawford","208",24,"184","31","132","45","89","114"
"19049","Dallas County, Iowa",1559,297,158,96,1382,269,43852,717,1261,325,6337,534,3099,51450,"high reliability","high reliability","high reliability","high reliability","median reliability","high reliability",50.3065505001613,85.2322643343052,5.09841884478864,2.45092322643343,44.59503065505,12.3168124392614,34.9257138341438,-2.64749561835521,-32.2782182157886,"Dallas","497",34,"463","76","338","83","154","297"
"19051","Davis County, Iowa",182,64,10,13,190,88,3497,177,118,52,762,152,382,4377,"median reliability","high reliability","median reliability","high reliability","median reliability","high reliability",47.6439790575916,79.8949051862006,2.61780104712042,2.69591044094128,49.738219895288,17.4091843728581,32.250926128609,0.0781093938208652,-32.3290355224298,"Davis","132",NA,"","22","88","22","40","72"
"19053","Decatur County, Iowa",204,71,8,9,322,68,3130,163,128,52,785,127,534,4043,"median reliability","high reliability","high reliability","high reliability","median reliability","high reliability",38.2022471910112,77.4177590897848,1.49812734082397,3.1659658669305,60.2996254681648,19.4162750432847,39.2155118987736,1.66783852610653,-40.8833504248801,"Decatur","191",16,"175","28","123","40","71","101"
"19055","Delaware County, Iowa",373,148,36,53,317,134,7965,275,113,58,918,196,726,8996,"median reliability","high reliability","median reliability","high reliability"," low reliability","high reliability",51.3774104683196,88.5393508225878,4.95867768595041,1.25611382836816,43.66391184573,10.204535349044,37.1619403542683,-3.70256385758225,-33.459376496686,"Delaware","237",NA,"","22","184","31","97","132"
"19057","Des Moines County, Iowa",963,191,153,85,1699,258,16224,366,605,164,2432,257,2815,19261,"high reliability","high reliability","high reliability","high reliability","median reliability","high reliability",34.2095914742451,84.2323866881263,5.43516873889876,3.14106225014278,60.3552397868561,12.626551061731,50.0227952138812,-2.29410648875598,-47.7286887251252,"Des Moines","1,039",43,"996","192","712","135","331","638"
"19059","Dickinson County, Iowa",636,150,5,7,374,150,7280,303,159,75,1003,150,1015,8442,"high reliability","high reliability","median reliability","high reliability","median reliability","high reliability",62.6600985221675,86.2354892205638,0.492610837438424,1.88343994314144,36.8472906403941,11.8810708362947,23.5753906983964,1.39082910570301,-24.9662198040994,"Dickinson","179",10,"169","16","135","28","87","98"
"19061","Dubuque County, Iowa",2244,322,206,75,2628,332,43716,818,1693,261,6754,585,5078,52163,"high reliability","high reliability","high reliability","high reliability","high reliability","high reliability",44.1906262307995,83.8065295324272,4.05671524222135,3.2455955370665,51.7526585269791,12.9478749305063,39.6159033016277,-0.811119705154844,-38.8047835964728,"Dubuque","1,654",77,"1,577","348","1,091","215","569","970"
"19063","Emmet County, Iowa",393,91,4,5,267,85,3793,184,134,78,792,153,664,4719,"high reliability","high reliability","median reliability","high reliability"," low reliability","high reliability",59.1867469879518,80.3771985590167,0.602409638554217,2.83958465776648,40.210843373494,16.7832167832168,21.1904515710649,2.23717501921226,-23.4276265902772,"Emmet","146",12,"134","23","99","24","49","83"
"19065","Fayette County, Iowa",499,107,51,28,815,165,8085,254,150,46,1555,190,1365,9790,"high reliability","high reliability","high reliability","high reliability","median reliability","high reliability",36.5567765567766,82.5842696629213,3.73626373626374,1.53217568947906,59.7069597069597,15.8835546475996,46.0274931061448,-2.20408804678468,-43.8234050593601,"Fayette","519",24,"495","73","378","68","183","297"
"19067","Floyd County, Iowa",439,111,41,54,551,171,6446,292,166,82,1044,175,1031,7656,"median reliability","high reliability","median reliability","high reliability"," low reliability","high reliability",42.5800193986421,84.1954022988506,3.97672162948594,2.16823406478579,53.443258971872,13.6363636363636,41.6153829002085,-1.80848756470015,-39.8068953355083,"Floyd","298",13,"285","51","213","34","112","156"
"19069","Franklin County, Iowa",164,68,9,13,172,67,4009,218,191,75,1004,162,345,5204,"median reliability","high reliability","median reliability","high reliability","median reliability","high reliability",47.536231884058,77.0368946963874,2.60869565217391,3.67025365103766,49.8550724637681,19.2928516525749,29.5006628123294,1.06155799886375,-30.5622208111932,"Franklin","103",NA,"","13","69","21","40","55"
"19071","Fremont County, Iowa",175,53,2,5,253,63,2795,114,131,73,527,92,430,3453,"median reliability","high reliability","median reliability","high reliability"," low reliability","high reliability",40.6976744186046,80.9441065739936,0.465116279069767,3.7938024905879,58.8372093023256,15.2620909354185,40.246432155389,3.32868621151813,-43.5751183669071,"Fremont","103",NA,"","11","77","15","32","59"
"19073","Greene County, Iowa",400,115,34,26,192,62,3635,169,146,48,498,124,626,4279,"median reliability","high reliability","median reliability","high reliability","median reliability","median reliability",63.8977635782748,84.9497546155644,5.43130990415335,3.41201215237205,30.6709265175719,11.6382332320636,21.0519910372896,-2.01929775178131,-19.0326932855083,"Greene","146",NA,"","26","91","29","50","86"
"19075","Grundy County, Iowa",217,49,24,19,222,50,5451,153,96,43,844,125,463,6391,"high reliability","high reliability","high reliability","high reliability","median reliability","high reliability",46.8682505399568,85.2918166171178,5.18358531317495,1.50211234548584,47.9481641468683,13.2060710373963,38.423566077161,-3.68147296768911,-34.7420931094719,"Grundy","95",NA,"","","67","","30","58"
"19077","Guthrie County, Iowa",197,65,17,18,189,46,4647,140,177,57,618,105,403,5442,"median reliability","high reliability","high reliability","high reliability","median reliability","high reliability",48.8833746898263,85.3914002205072,4.21836228287841,3.25248070562293,46.8982630272953,11.3561190738699,36.5080255306809,-0.965881577255479,-35.5421439534254,"Guthrie","150",NA,"","22","104","24","66","86"
"19079","Hamilton County, Iowa",343,98,19,20,455,144,6371,220,192,72,1021,147,817,7584,"median reliability","high reliability","median reliability","high reliability","median reliability","high reliability",41.9828641370869,84.0058016877637,2.32558139534884,2.53164556962025,55.6915544675643,13.462552742616,42.0229375506768,0.206064174271416,-42.2290017249482,"Hamilton","188",NA,"","21","145","22","66","121"
"19081","Hancock County, Iowa",327,87,21,31,289,73,4754,166,78,36,529,104,637,5361,"median reliability","high reliability","median reliability","high reliability","median reliability","high reliability",51.3343799058085,88.6774855437418,3.2967032967033,1.45495243424734,45.3689167974882,9.86756202201082,37.3431056379334,-1.84175086245596,-35.5013547754774,"Hancock","80",NA,"","13","51","16","32","46"
"19083","Hardin County, Iowa",372,99,29,20,486,92,7005,224,182,71,1456,187,887,8643,"median reliability","high reliability","high reliability","high reliability","median reliability","high reliability",41.9391206313416,81.048247136411,3.26944757609921,2.10575031817656,54.7914317925592,16.8460025454125,39.1091265050694,-1.16369725792265,-37.9454292471467,"Hardin","255",16,"239","43","175","37","96","155"
"19085","Harrison County, Iowa",388,83,23,20,379,75,6330,178,155,62,811,110,790,7296,"high reliability","high reliability","high reliability","high reliability","median reliability","high reliability",49.1139240506329,86.7598684210526,2.91139240506329,2.12445175438596,47.9746835443038,11.1156798245614,37.6459443704197,-0.786940650677326,-36.8590037197424,"Harrison","257",11,"246","33","189","35","99","151"
"19087","Henry County, Iowa",478,111,33,28,786,236,7925,344,377,142,1287,159,1297,9589,"high reliability","high reliability","median reliability","high reliability","median reliability","high reliability",36.8542791056284,82.6467827719262,2.54433307632999,3.93158827823548,60.6013878180416,13.4216289498384,45.7925036662978,1.38725520190549,-47.1797588682033,"Henry","307",14,"293","55","210","42","98","182"
"19089","Howard County, Iowa",167,77,8,8,173,59,4011,170,91,43,556,131,348,4658,"median reliability","high reliability","median reliability","high reliability","median reliability","high reliability",47.9885057471264,86.1099184199227,2.29885057471264,1.9536281665951,49.7126436781609,11.9364534134822,38.1214126727963,-0.345222408117539,-37.7761902646787,"Howard","112",NA,"","16","80","16","39","68"
"19091","Humboldt County, Iowa",330,89,20,12,355,98,3916,155,132,55,510,83,705,4558,"median reliability","high reliability","median reliability","high reliability","median reliability","high reliability",46.8085106382979,85.9148749451514,2.83687943262411,2.89600702062308,50.354609929078,11.1891180342255,39.1063643068535,0.059127587998967,-39.1654918948525,"Humboldt","153",NA,"","28","97","28","72","82"
"19093","Ida County, Iowa",213,67,2,4,133,46,2883,114,53,32,412,86,348,3348,"median reliability","high reliability","median reliability","high reliability"," low reliability","high reliability",61.2068965517241,86.1111111111111,0.574712643678161,1.58303464755078,38.2183908045977,12.3058542413381,24.904214559387,1.00832200387262,-25.9125365632596,"Ida","69",NA,"","","46","","27","36"
"19095","Iowa County, Iowa",442,125,13,15,332,98,7177,281,209,75,1137,187,787,8523,"median reliability","high reliability","median reliability","high reliability","median reliability","high reliability",56.1626429479034,84.2074386952951,1.65184243964422,2.45218819664437,42.1855146124524,13.3403731080605,28.0447957473917,0.800345757000156,-28.8451415043918,"Iowa","169",10,"159","21","119","29","75","97"
"19097","Jackson County, Iowa",504,127,19,15,418,130,8164,318,486,167,1409,226,941,10059,"median reliability","high reliability","median reliability","high reliability","median reliability","high reliability",53.5600425079702,81.1611492196043,2.01912858660999,4.83149418431256,44.4208289054198,14.0073565960831,27.6011067116341,2.81236559770257,-30.4134723093367,"Jackson","364",10,"354","61","271","32","116","237"
"19099","Jasper County, Iowa",819,181,85,53,1108,180,15445,421,494,158,2521,309,2012,18460,"high reliability","high reliability","high reliability","high reliability","median reliability","high reliability",40.7057654075547,83.6673889490791,4.22465208747515,2.67605633802817,55.0695825049702,13.6565547128927,42.9616235415244,-1.54859574944698,-41.4130277920774,"Jasper","580",23,"557","85","425","70","204","337"
"19101","Jefferson County, Iowa",421,162,136,119,790,271,6772,469,488,206,1892,446,1347,9152,"median reliability","high reliability","median reliability","high reliability","median reliability","high reliability",31.2546399406088,73.9947552447552,10.0965107646622,5.33216783216783,58.648849294729,20.6730769230769,42.7401153041465,-4.76434293249438,-37.9757723716521,"Jefferson","343",70,"273","40","196","107","147","184"
"19103","Johnson County, Iowa",3301,477,316,170,2413,482,74882,1169,2632,483,18522,1065,6030,96036,"high reliability","high reliability","high reliability","high reliability","high reliability","high reliability",54.742951907131,77.9728435170145,5.24046434494196,2.74063892706902,40.016583747927,19.2865175559165,23.2298916098834,-2.49982541787294,-20.7300661920105,"Johnson","1,798",135,"1,663","356","1,186","256","573","1,073"
"19105","Jones County, Iowa",319,107,21,20,690,218,8368,374,416,166,1186,156,1030,9970,"median reliability","high reliability","median reliability","high reliability","median reliability","high reliability",30.9708737864078,83.9317953861585,2.03883495145631,4.17251755265797,66.9902912621359,11.8956870611836,52.9609215997507,2.13368260120166,-55.0946042009524,"Jones","303",12,"291","51","212","40","116","172"
"19107","Keokuk County, Iowa",225,52,50,22,458,98,4098,177,137,50,643,112,733,4878,"high reliability","high reliability","high reliability","high reliability","median reliability","high reliability",30.6957708049113,84.009840098401,6.82128240109141,2.80852808528085,62.4829467939973,13.1816318163182,53.3140692934897,-4.01275431581055,-49.3013149776791,"Keokuk","204",11,"193","20","159","25","76","108"
"19109","Kossuth County, Iowa",629,116,35,28,473,130,5914,206,202,85,901,114,1137,7017,"high reliability","high reliability","median reliability","high reliability","median reliability","high reliability",55.3210202286719,84.2810317799629,3.07827616534741,2.87872310104033,41.6007036059806,12.8402451189967,28.960011551291,-0.199553064307075,-28.7604584869839,"Kossuth","159",11,"148","17","117","25","63","86"
"19111","Lee County, Iowa",1049,230,123,70,1386,257,13268,427,665,177,2481,282,2558,16414,"high reliability","high reliability","high reliability","high reliability","median reliability","high reliability",41.0086004691165,80.8334348726697,4.80844409695074,4.05141951992202,54.1829554339328,15.1151456074083,39.8248344035532,-0.757024577028725,-39.0678098265244,"Lee","895",35,"860","115","627","153","320","512"
"19113","Linn County, Iowa",5630,611,611,200,4561,566,105387,1405,3868,542,16519,1096,10802,125774,"high reliability","high reliability","high reliability","high reliability","high reliability","high reliability",52.1199777818922,83.7907675672237,5.65635993334568,3.07535738705933,42.2236622847621,13.1338750457169,31.6707897853315,-2.58100254628635,-29.0897872390452,"Linn","3,962",229,"3,733","728","2,693","541","1,216","2,422"
"19115","Louisa County, Iowa",159,50,30,22,259,66,4861,180,182,83,1018,149,448,6061,"median reliability","high reliability","median reliability","high reliability","median reliability","high reliability",35.4910714285714,80.2012869163504,6.69642857142857,3.00280481768685,57.8125,16.7959082659627,44.710215487779,-3.69362375374172,-41.0165917340373,"Louisa","163",NA,"","15","125","23","59","97"
"19117","Lucas County, Iowa",206,77,4,6,432,113,3384,180,101,47,605,104,642,4090,"median reliability","high reliability","median reliability","high reliability","median reliability","high reliability",32.0872274143302,82.7383863080685,0.623052959501558,2.46943765281174,67.2897196261682,14.7921760391198,50.6511588937382,1.84638469331018,-52.4975435870484,"Lucas","175",15,"160","15","116","44","69","91"
"19119","Lyon County, Iowa",358,105,3,4,173,54,4919,157,110,53,715,131,534,5744,"median reliability","high reliability","median reliability","high reliability","median reliability","high reliability",67.0411985018727,85.6371866295265,0.561797752808989,1.9150417827298,32.3970037453184,12.4477715877437,18.5959881276538,1.35324402992082,-19.9492321575746,"Lyon","53",NA,"","","29","","19","27"
"19121","Madison County, Iowa",323,120,10,15,219,78,7715,278,241,128,833,192,552,8789,"median reliability","high reliability","median reliability","high reliability"," low reliability","high reliability",58.5144927536232,87.7801797701673,1.81159420289855,2.74206394356582,39.6739130434783,9.47775628626692,29.2656870165441,0.93046974066727,-30.1961567572113,"Madison","143",NA,"","20","99","24","53","78"
"19123","Mahaska County, Iowa",545,144,54,40,700,180,9609,277,289,103,1768,222,1299,11666,"median reliability","high reliability","median reliability","high reliability","median reliability","high reliability",41.955350269438,82.367563860792,4.15704387990762,2.47728441625236,53.8876058506544,15.1551517229556,40.412213591354,-1.67975946365526,-38.7324541276988,"Mahaska","441",27,"414","58","317","66","168","263"
"19125","Marion County, Iowa",982,174,38,32,1344,251,14254,409,385,160,2532,276,2364,17171,"high reliability","high reliability","high reliability","high reliability","median reliability","high reliability",41.5397631133672,83.0120552093646,1.60744500846024,2.24215246636771,56.8527918781726,14.7457923242677,41.4722920959974,0.634707457907476,-42.1069995539049,"Marion","418",31,"387","55","298","65","141","252"
"19127","Marshall County, Iowa",937,195,29,30,1186,218,16517,497,945,215,2799,343,2152,20261,"high reliability","high reliability","high reliability","high reliability","high reliability","high reliability",43.5408921933086,81.5211490054785,1.34758364312268,4.66413306352105,55.1115241635688,13.8147179310004,37.98025681217,3.31654942039837,-41.2968062325683,"Marshall","618",48,"570","86","409","123","229","360"
"19129","Mills County, Iowa",520,138,22,23,606,151,6167,270,251,93,973,159,1148,7391,"median reliability","high reliability","median reliability","high reliability","median reliability","high reliability",45.2961672473868,83.4393180895684,1.91637630662021,3.39602218914897,52.787456445993,13.1646597212826,38.1431508421816,1.47964588252876,-39.6227967247104,"Mills","210",NA,"","30","162","18","60","105"
"19131","Mitchell County, Iowa",275,106,5,5,230,93,4570,189,49,35,649,128,510,5268,"median reliability","high reliability","median reliability","high reliability"," low reliability","high reliability",53.921568627451,86.7501898253607,0.980392156862745,0.930144267274108,45.0980392156863,12.3196659073652,32.8286211979097,-0.0502478895886372,-32.7783733083211,"Mitchell","97",NA,"","10","73","14","38","52"
"19133","Monona County, Iowa",217,58,52,51,358,128,3436,178,46,31,559,88,627,4041,"median reliability","high reliability","median reliability","high reliability"," low reliability","high reliability",34.6092503987241,85.0284583024004,8.29346092503987,1.13833209601584,57.097288676236,13.8332096015838,50.4192079036763,-7.15512882902403,-43.2640790746523,"Monona","159",NA,"","24","108","27","62","88"
"19135","Monroe County, Iowa",338,132,0,14,170,62,3162,173,181,79,536,124,508,3879,"median reliability","high reliability","median reliability","high reliability","median reliability","high reliability",66.5354330708661,81.5158546017015,0,4.66615106986337,33.4645669291339,13.8179943284352,14.9804215308353,4.66615106986337,-19.6465726006987,"Monroe","105",NA,"","18","72","15","33","65"
"19137","Montgomery County, Iowa",241,78,0,16,331,96,4149,237,162,66,645,133,572,4956,"median reliability","high reliability","median reliability","high reliability","median reliability","high reliability",42.1328671328671,83.7167070217918,0,3.26876513317191,57.8671328671329,13.0145278450363,41.5838398889246,3.26876513317191,-44.8526050220965,"Montgomery","274",NA,"","37","199","38","96","167"
"19139","Muscatine County, Iowa",888,196,87,54,1177,282,18812,436,561,181,3254,316,2152,22627,"high reliability","high reliability","high reliability","high reliability","median reliability","high reliability",41.2639405204461,83.1396119680028,4.04275092936803,2.47933884297521,54.6933085501859,14.381049189022,41.8756714475567,-1.56341208639282,-40.3122593611639,"Muscatine","857",39,"818","131","602","124","275","498"
"19141","O'Brien County, Iowa",485,146,50,42,452,172,5785,290,57,26,804,198,987,6646,"median reliability","high reliability","median reliability","high reliability","median reliability","high reliability",49.1388044579534,87.0448390009028,5.06585612968592,0.857658742100512,45.7953394123607,12.0975022569967,37.9060345429494,-4.2081973875854,-33.697837155364,"O'Brien","177",NA,"","22","131","24","56","89"
"19143","Osceola County, Iowa",205,73,5,7,100,37,2587,120,91,45,307,64,310,2985,"median reliability","high reliability","median reliability","high reliability"," low reliability","high reliability",66.1290322580645,86.6666666666667,1.61290322580645,3.04857621440536,32.258064516129,10.284757118928,20.5376344086022,1.43567298859891,-21.9733073972011,"Osceola","48",NA,"","","33","","25","25"
"19145","Page County, Iowa",499,115,32,20,333,83,5873,371,326,120,1020,162,864,7219,"high reliability","high reliability","median reliability","high reliability","median reliability","high reliability",57.7546296296296,81.3547582767696,3.7037037037037,4.51586092256545,38.5416666666667,14.1293808006649,23.60012864714,0.812157218861749,-24.4122858660018,"Page","352",14,"338","55","235","62","160","187"
"19147","Palo Alto County, Iowa",305,91,39,38,282,84,3802,155,39,20,433,96,626,4274,"median reliability","high reliability","median reliability","high reliability"," low reliability","high reliability",48.7220447284345,88.9564810481984,6.23003194888179,0.912494150678521,45.0479233226837,10.1310248011231,40.2344363197639,-5.31753779820327,-34.9168985215606,"Palo Alto","130",NA,"","26","86","18","43","67"
"19149","Plymouth County, Iowa",617,158,45,33,568,137,11488,300,154,67,1310,215,1230,12952,"median reliability","high reliability","high reliability","high reliability","median reliability","high reliability",50.1626016260163,88.6967263743051,3.65853658536585,1.18900555898703,46.1788617886179,10.1142680667078,38.5341247482889,-2.46953102637882,-36.06459372191,"Plymouth","206",12,"194","32","147","27","77","112"
"19151","Pocahontas County, Iowa",216,57,10,10,180,48,2772,96,121,56,402,74,406,3295,"median reliability","high reliability","median reliability","high reliability","median reliability","high reliability",53.2019704433498,84.1274658573596,2.46305418719212,3.67223065250379,44.3349753694581,12.2003034901366,30.9254954140099,1.20917646531167,-32.1346718793216,"Pocahontas","101",NA,"","11","76","14","32","56"
"19153","Polk County, Iowa",13723,1001,1892,577,13726,937,226677,2100,8861,830,33388,1464,29341,268926,"high reliability","high reliability","high reliability","high reliability","high reliability","high reliability",46.7707303772878,84.289730260369,6.44831464503596,3.29495846441028,46.7809549776763,12.4153112752207,37.5189998830813,-3.15335618062567,-34.3656437024556,"Polk","8,133",829,"7,304","1,236","5,117","1,780","2,422","4,864"
"19155","Pottawattamie County, Iowa",2679,348,214,94,3843,415,39646,725,1665,251,6694,484,6736,48005,"high reliability","high reliability","high reliability","high reliability","high reliability","high reliability",39.771377672209,82.5872304968233,3.17695961995249,3.46838870950943,57.0516627078385,13.9443807936673,42.8158528246142,0.291429089556932,-43.1072819141712,"Pottawattamie","2,191",65,"2,126","324","1,624","243","758","1,287"
"19157","Poweshiek County, Iowa",526,159,53,44,411,114,8161,306,312,141,1535,227,990,10008,"median reliability","high reliability","median reliability","high reliability","median reliability","high reliability",53.1313131313131,81.5447641886491,5.35353535353535,3.11750599520384,41.5151515151515,15.3377298161471,28.413451057336,-2.23602935833152,-26.1774216990044,"Poweshiek","214",12,"202","28","153","33","80","122"
"19159","Ringgold County, Iowa",67,26,17,15,138,44,1896,109,24,19,376,81,222,2296,"median reliability","high reliability","median reliability","high reliability"," low reliability","high reliability",30.1801801801802,82.5783972125435,7.65765765765766,1.04529616724739,62.1621621621622,16.3763066202091,52.3982170323634,-6.61236149041027,-45.7858555419531,"Ringgold","92",NA,"","","65","","36","49"
"19161","Sac County, Iowa",202,60,21,25,151,41,4142,125,112,50,625,113,374,4879,"median reliability","high reliability","median reliability","high reliability","median reliability","high reliability",54.0106951871658,84.8944455831113,5.61497326203209,2.29555236728838,40.3743315508021,12.8100020496003,30.8837503959455,-3.31942089474371,-27.5643295012018,"Sac","97",16,"81","16","54","27","51","50"
"19163","Scott County, Iowa",3802,489,360,119,5098,629,74990,1075,2748,369,16043,859,9260,93781,"high reliability","high reliability","high reliability","high reliability","high reliability","high reliability",41.0583153347732,79.9628922702893,3.88768898488121,2.93023107025943,55.0539956803456,17.1068766594513,38.9045769355161,-0.957457914621775,-37.9471190208943,"Scott","4,020",187,"3,833","768","2,685","567","1,196","2,460"
"19165","Shelby County, Iowa",311,120,28,23,240,62,4786,198,155,77,773,178,579,5714,"median reliability","high reliability","median reliability","high reliability"," low reliability","high reliability",53.713298791019,83.759187959398,4.83592400690846,2.71263563178159,41.4507772020725,13.5281764088204,30.045889168379,-2.12328837512687,-27.9226007932521,"Shelby","188",NA,"","28","141","19","69","108"
"19167","Sioux County, Iowa",678,177,36,34,486,146,16247,386,324,115,2109,301,1200,18680,"median reliability","high reliability","median reliability","high reliability","median reliability","high reliability",56.5,86.975374732334,3,1.73447537473233,40.5,11.2901498929336,30.4753747323341,-1.26552462526767,-29.2098501070664,"Sioux","191",NA,"","36","134","21","65","104"
"19169","Story County, Iowa",2120,335,321,185,2048,455,46132,1201,2626,704,16015,870,4489,64773,"high reliability","high reliability","high reliability","high reliability","median reliability","high reliability",47.2265537981733,71.2210334552977,7.15081309868568,4.05415836845599,45.622633103141,24.7248081762463,23.9944796571244,-3.09665473022968,-20.8978249268947,"Story","748",47,"701","146","504","98","233","465"
"19171","Tama County, Iowa",327,79,60,43,370,74,7214,227,251,67,1200,157,757,8665,"high reliability","high reliability","high reliability","high reliability","median reliability","high reliability",43.1968295904888,83.2544720138488,7.92602377807133,2.89671090594345,48.8771466314399,13.8488170802077,40.05764242336,-5.02931287212788,-35.0283295512322,"Tama","181",12,"169","30","125","26","59","101"
"19173","Taylor County, Iowa",266,73,8,9,130,38,2458,105,71,45,374,50,404,2903,"median reliability","high reliability","median reliability","high reliability"," low reliability","high reliability",65.8415841584158,84.6710299689976,1.98019801980198,2.44574578022735,32.1782178217822,12.8832242507751,18.8294458105817,0.465547760425371,-19.2949935710071,"Taylor","93",10,"83","16","56","21","41","49"
"19175","Union County, Iowa",403,116,48,39,567,186,4975,259,207,81,818,159,1018,6000,"median reliability","high reliability","median reliability","high reliability","median reliability","high reliability",39.5874263261297,82.9166666666667,4.71512770137525,3.45,55.6974459724951,13.6333333333333,43.329240340537,-1.26512770137525,-42.0641126391618,"Union","260",12,"248","41","177","42","114","156"
"19177","Van Buren County, Iowa",197,66,7,11,294,71,2503,131,131,58,729,105,498,3363,"median reliability","high reliability","high reliability","high reliability","median reliability","high reliability",39.5582329317269,74.4275944097532,1.40562248995984,3.89533154921201,59.0361445783133,21.6770740410348,34.8693614780263,2.48970905925217,-37.3590705372785,"Van Buren","128",NA,"","13","89","26","57","66"
"19179","Wapello County, Iowa",1008,200,47,35,1620,316,14195,526,745,204,3153,439,2675,18093,"high reliability","high reliability","high reliability","high reliability","median reliability","high reliability",37.6822429906542,78.4557563698668,1.75700934579439,4.1176145470624,60.5607476635514,17.4266290830708,40.7735133792126,2.36060520126801,-43.1341185804806,"Wapello","1,076",42,"1,034","137","767","172","406","635"
"19181","Warren County, Iowa",1430,268,71,44,1116,210,23601,501,705,202,3271,395,2617,27577,"high reliability","high reliability","high reliability","high reliability","median reliability","high reliability",54.6427206725258,85.5821880552634,2.71303018723729,2.55647822460746,42.6442491402369,11.8613337201291,30.9394673827377,-0.156551962629832,-30.7829154201078,"Warren","431",16,"415","64","310","57","135","253"
"19183","Washington County, Iowa",573,145,42,34,519,129,9619,324,280,82,1311,222,1134,11210,"median reliability","high reliability","median reliability","high reliability","median reliability","high reliability",50.5291005291005,85.807314897413,3.7037037037037,2.49776984834969,45.7671957671958,11.6949152542373,35.2782143683125,-1.20593385535402,-34.0722805129585,"Washington","340",20,"320","60","237","43","103","193"
"19185","Wayne County, Iowa",162,47,5,6,250,76,2364,101,31,16,570,77,417,2965,"median reliability","high reliability","median reliability","high reliability"," low reliability","high reliability",38.8489208633094,79.7301854974705,1.19904076738609,1.04553119730185,59.9520383693046,19.2242833052277,40.8812646341611,-0.153509570084236,-40.7277550640769,"Wayne","132",NA,"","18","86","28","55","78"
"19187","Webster County, Iowa",1087,249,108,67,1338,291,14412,495,373,111,3185,320,2533,17970,"high reliability","high reliability","high reliability","high reliability","median reliability","high reliability",42.9135412554283,80.2003338898163,4.26371891038294,2.0756816917084,52.8227398341887,17.7239844184752,37.286792634388,-2.18803721867454,-35.0987554157135,"Webster","766",29,"737","85","578","103","287","449"
"19189","Winnebago County, Iowa",317,85,43,40,325,112,4545,187,125,68,542,124,685,5212,"median reliability","high reliability","median reliability","high reliability"," low reliability","high reliability",46.2773722627737,87.2026093630084,6.27737226277372,2.3983115886416,47.4452554744526,10.39907904835,40.9252371002347,-3.87906067413213,-37.0461764261026,"Winnebago","118",NA,"","16","91","11","48","77"
"19191","Winneshiek County, Iowa",655,145,11,11,406,123,9681,292,173,72,1285,227,1072,11139,"high reliability","high reliability","median reliability","high reliability","median reliability","high reliability",61.1007462686567,86.9108537570697,1.02611940298507,1.55310171469611,37.8731343283582,11.5360445282341,25.810107488413,0.526982311711038,-26.3370898001241,"Winneshiek","149",11,"138","14","108","27","76","78"
"19193","Woodbury County, Iowa",2684,374,178,102,3434,458,44695,841,2170,391,6764,619,6296,53629,"high reliability","high reliability","high reliability","high reliability","high reliability","high reliability",42.6302414231258,83.3411027615656,2.8271918678526,4.04631822334931,54.5425667090216,12.6125790150851,40.7108613384398,1.2191263554967,-41.9299876939365,"Woodbury","1,962",112,"1,850","290","1,310","362","721","1,079"
"19195","Worth County, Iowa",211,49,14,12,221,61,3413,116,124,54,343,76,446,3880,"high reliability","high reliability","median reliability","high reliability","median reliability","high reliability",47.3094170403587,87.9639175257732,3.1390134529148,3.19587628865979,49.5515695067265,8.84020618556701,40.6545004854145,0.0568628357449952,-40.7113633211594,"Worth","77",NA,"","20","47","10","24","45"
"19197","Wright County, Iowa",355,144,41,35,348,96,4803,217,105,70,1116,156,744,6024,"median reliability","high reliability","median reliability","high reliability"," low reliability","high reliability",47.7150537634409,79.7310756972112,5.51075268817204,1.74302788844621,46.7741935483871,18.5258964143426,32.0160219337703,-3.76772479972583,-28.2482971340445,"Wright","171",14,"157","27","117","27","54","91"
